word1,word2,sim
old,new,0.37282800674438477
smart,intelligent,0.8085078001022339
hard,difficult,0.6575634479522705
happy,cheerful,0.8849445581436157
hard,easy,0.8255311250686646
fast,rapid,0.8003135919570923
happy,glad,0.9552735090255737
short,long,0.765418529510498
stupid,dumb,0.897584080696106
weird,strange,0.9662261009216309
wide,narrow,0.6000176668167114
bad,awful,0.9642901420593262
easy,difficult,0.9001950025558472
bad,terrible,0.962514340877533
hard,simple,0.6867110133171082
smart,dumb,0.9347651600837708
insane,crazy,0.7079372406005859
happy,mad,0.7674403190612793
large,huge,0.8406139016151428
hard,tough,0.8110591173171997
new,fresh,0.48571446537971497
sharp,dull,0.8842587471008301
quick,rapid,0.759514570236206
dumb,foolish,0.9224960207939148
wonderful,terrific,0.9166370630264282
strange,odd,0.8616592288017273
happy,angry,0.9659416675567627
narrow,broad,0.6037635803222656
simple,easy,0.8896734714508057
old,fresh,0.3369966149330139
apparent,obvious,0.8460692167282104
inexpensive,cheap,0.9213635325431824
nice,generous,0.5954861640930176
weird,normal,0.6121067404747009
weird,odd,0.8958562612533569
bad,immoral,0.7987505197525024
sad,funny,0.9409908056259155
wonderful,great,0.7213457822799683
guilty,ashamed,0.7567011117935181
beautiful,wonderful,0.9830631017684937
confident,sure,0.964963972568512
dumb,dense,0.8796640634536743
large,big,0.5633563995361328
nice,cruel,0.7588009834289551
impatient,anxious,0.9364880919456482
big,broad,0.6664519309997559
strong,proud,0.8525354862213135
unnecessary,necessary,0.9490659236907959
restless,young,0.8248929977416992
dumb,intelligent,0.7633588314056396
bad,great,0.6278620362281799
difficult,simple,0.8687317371368408
necessary,important,0.8716139793395996
bad,terrific,0.9231500625610352
mad,glad,0.7734701633453369
honest,guilty,0.7605785727500916
easy,tough,0.9616745710372925
easy,flexible,0.8479086756706238
certain,sure,0.924603283405304
essential,necessary,0.9592682123184204
different,normal,0.674687922000885
sly,clever,0.8508050441741943
crucial,important,0.7474805116653442
harsh,cruel,0.9392415285110474
childish,foolish,0.9336189031600952
scarce,rare,0.8812779188156128
friendly,generous,0.2863813638687134
fragile,frigid,0.9210943579673767
long,narrow,0.6202061772346497
big,heavy,0.7347296476364136
rough,frigid,0.7840970754623413
bizarre,strange,0.9105817079544067
illegal,immoral,0.8651441335678101
bad,guilty,0.72074955701828
modern,ancient,0.9406738877296448
new,ancient,0.4636942446231842
dull,funny,0.9212515950202942
happy,young,0.7340807318687439
easy,big,0.781478762626648
great,awful,0.630756139755249
tiny,huge,0.7907958030700684
polite,proper,0.8788103461265564
modest,ashamed,0.9100273847579956
exotic,rare,0.9190686941146851
dumb,clever,0.8562148809432983
delightful,wonderful,0.9678470492362976
noticeable,obvious,0.8877995014190674
afraid,anxious,0.9317548274993896
formal,proper,0.8332698345184326
dreary,dull,0.8966753482818604
delightful,cheerful,0.9361332654953003
unhappy,mad,0.5108513832092285
sad,terrible,0.9609795808792114
sick,crazy,0.7304762601852417
violent,angry,0.887211263179779
laden,heavy,0.7414089441299438
dirty,cheap,0.8904955387115479
elastic,flexible,0.9339462518692017
hard,dense,0.7120160460472107
recent,new,0.4312160611152649
bold,proud,0.6624166965484619
sly,strange,0.9480482339859009
strange,sly,0.9480482339859009
dumb,rare,0.8627741932868958
sly,tough,0.83985835313797
terrific,mad,0.7346073389053345
modest,flexible,0.875556230545044
fresh,wide,0.7585535645484924
huge,dumb,0.8368529081344604
large,flexible,0.885272741317749
dirty,narrow,0.5919303297996521
wife,husband,0.8726643323898315
book,text,0.8729609251022339
groom,bride,0.8862943649291992
night,day,0.7486125826835632
south,north,0.9209441542625427
plane,airport,0.6442631483078003
uncle,aunt,0.9113839864730835
horse,mare,0.48516845703125
bottom,top,0.8471826314926147
friend,buddy,0.8765779137611389
student,pupil,0.758057713508606
world,globe,0.5060442686080933
leg,arm,0.8302866220474243
plane,jet,0.7594336271286011
woman,man,0.8164790868759155
horse,colt,0.7026299238204956
actress,actor,0.9773764610290527
teacher,instructor,0.8474425077438354
movie,film,0.9256008863449097
bird,hawk,0.7407721281051636
word,dictionary,0.7372655868530273
money,salary,0.8326559662818909
dog,cat,0.7112297415733337
area,region,0.8031538724899292
navy,army,0.9598194360733032
book,literature,0.6982243061065674
clothes,closet,0.8016072511672974
sunset,sunrise,0.853538453578949
child,adult,0.7018794417381287
cow,cattle,0.8898279666900635
book,story,0.896456241607666
winter,summer,0.9598827362060547
taxi,cab,0.9624056220054626
tree,maple,0.34460002183914185
bed,bedroom,0.9550156593322754
roof,ceiling,0.9476166367530823
disease,infection,0.9086070656776428
arm,shoulder,0.8118606805801392
sheep,lamb,0.7729015946388245
lady,gentleman,0.8630543351173401
boat,anchor,0.6962345242500305
priest,monk,0.811619222164154
toe,finger,0.9436396360397339
river,stream,0.5028223395347595
anger,fury,0.5559437870979309
date,calendar,0.6432008743286133
sea,ocean,0.7853434681892395
second,minute,0.5855445861816406
hand,thumb,0.5778191685676575
wood,log,0.6317183971405029
mud,dirt,0.8546065092086792
hallway,corridor,0.8894298076629639
way,manner,0.819940447807312
mouse,cat,0.7045998573303223
cop,sheriff,0.25617244839668274
death,burial,0.7840446829795837
music,melody,0.7422140836715698
beer,alcohol,0.7916398644447327
mouth,lip,0.8544695377349854
storm,hurricane,0.8485029339790344
tax,income,0.8668639063835144
flower,violet,0.7747650146484375
paper,cardboard,0.901788592338562
floor,ceiling,0.6115303635597229
beach,seashore,0.7840863466262817
rod,curtain,0.8006404042243958
hound,fox,0.8611611127853394
street,alley,0.7171332836151123
boat,deck,0.9015692472457886
car,horn,0.42895758152008057
friend,guest,0.4321059584617615
employer,employee,0.8645249605178833
hand,wrist,0.858357310295105
ball,cannon,0.6267893314361572
alcohol,brandy,0.7775315046310425
victory,triumph,0.7785354256629944
telephone,booth,0.7550677061080933
door,doorway,0.8415449857711792
motel,inn,0.7001649737358093
clothes,cloth,0.8003053665161133
steak,meat,0.868518054485321
nail,thumb,0.629218578338623
band,orchestra,0.6893013715744019
book,bible,0.7499873638153076
business,industry,0.8222244381904602
winter,season,0.5657088756561279
decade,century,0.5716385841369629
alcohol,gin,0.7288644313812256
hat,coat,0.2984461784362793
window,door,0.7098507285118103
arm,wrist,0.8779489994049072
house,apartment,0.712750256061554
glass,crystal,0.4333866536617279
wine,brandy,0.9066392779350281
creator,maker,0.9275532960891724
dinner,breakfast,0.8310892581939697
arm,muscle,0.8484483361244202
bread,flour,0.8015620708465576
death,tragedy,0.6612157225608826
absence,presence,0.6686440706253052
gun,cannon,0.613858699798584
grass,blade,0.6120363473892212
ball,basket,0.7374378442764282
hose,garden,0.6949523091316223
boy,kid,0.8244670629501343
church,choir,0.6319818496704102
clothes,drawer,0.8524625897407532
tower,bell,0.7316147685050964
father,parent,0.5339105129241943
school,grade,0.6754513382911682
parent,adult,0.7082871794700623
bar,jail,0.5137150883674622
car,highway,0.42059510946273804
dictionary,definition,0.8676620721817017
door,cellar,0.7459944486618042
army,legion,0.84963059425354
metal,aluminum,0.9166290760040283
chair,bench,0.31525808572769165
cloud,fog,0.6328544616699219
boy,son,0.49744635820388794
water,ice,0.7020571827888489
bed,blanket,0.811992883682251
attorney,lawyer,0.8132500648498535
area,zone,0.5624940395355225
business,company,0.6807266473770142
clothes,fabric,0.8544139862060547
sweater,jacket,0.9112799167633057
money,capital,0.5472558736801147
hand,foot,0.7376003265380859
alcohol,cocktail,0.8413306474685669
yard,inch,0.8805807828903198
molecule,atom,0.9398688077926636
lens,camera,0.5447030663490295
meal,dinner,0.9246141910552979
eye,tear,0.9105758666992188
god,devil,0.7026209831237793
loop,belt,0.8471055030822754
rat,mouse,0.9194099307060242
motor,engine,0.7667215466499329
car,cab,0.5465521812438965
cat,lion,0.6250700950622559
size,magnitude,0.8736152648925781
reality,fantasy,0.9530451893806458
door,gate,0.7352303862571716
cat,pet,0.5581912994384766
tin,aluminum,0.9062654376029968
bone,jaw,0.7840257883071899
cereal,wheat,0.8074967265129089
house,key,0.2456120401620865
blood,flesh,0.9765163660049438
door,corridor,0.7170755863189697
god,spirit,0.8658550977706909
capability,competence,0.9630880951881409
abundance,plenty,0.8492350578308105
sofa,chair,0.5334275364875793
wall,brick,0.8884629011154175
horn,drum,0.8037024140357971
organ,liver,0.4805665910243988
strength,might,0.926292896270752
phrase,word,0.9881491661071777
band,parade,0.7532913684844971
stomach,waist,0.7629004716873169
cloud,storm,0.5524268746376038
joy,pride,0.6945216655731201
noise,rattle,0.7956861257553101
rain,mist,0.7452163696289062
beer,beverage,0.8380253314971924
man,uncle,0.4457956552505493
apple,juice,0.8970655798912048
intelligence,logic,0.7235615253448486
communication,language,0.8639410138130188
mink,fur,0.7098641395568848
mob,crowd,0.8528320789337158
shore,coast,0.8193128108978271
wire,cord,0.8959611654281616
bird,turkey,0.372157484292984
bed,crib,0.8675978183746338
competence,ability,0.8021517395973206
cloud,haze,0.6252329349517822
supper,meal,0.9465437531471252
bar,cage,0.11191683262586594
water,salt,0.47495657205581665
sense,intuition,0.8524495363235474
situation,condition,0.877816915512085
crime,theft,0.8409944176673889
style,fashion,0.8078775405883789
boundary,border,0.8545732498168945
arm,body,0.5815719366073608
boat,car,0.5503538846969604
sandwich,lunch,0.81022709608078
bride,princess,0.845226526260376
heroine,hero,0.8557386994361877
car,gauge,0.41215094923973083
insect,bee,0.8860470056533813
crib,cradle,0.8969601392745972
animal,person,0.7610631585121155
marijuana,herb,0.7198467254638672
bed,hospital,0.49671703577041626
cheek,tongue,0.938001811504364
disc,computer,0.5644501447677612
curve,angle,0.7833899259567261
grass,moss,0.6777089834213257
school,law,0.7425099015235901
foot,head,0.33484360575675964
mother,guardian,0.5964431166648865
orthodontist,dentist,0.79033362865448
alcohol,whiskey,0.8313605785369873
mouth,tooth,0.8383253216743469
breakfast,bacon,0.4926223158836365
bathroom,bedroom,0.920816957950592
plate,bowl,0.8146595358848572
meat,bacon,0.5623093247413635
air,helium,0.5317450165748596
worker,employer,0.8748133778572083
body,chest,0.899072527885437
son,father,0.7954592108726501
heart,surgery,0.6855289936065674
woman,secretary,0.457366943359375
man,father,0.38863155245780945
beach,island,0.8009772300720215
story,topic,0.7556482553482056
game,fun,0.5239095687866211
weekend,week,0.8375399112701416
couple,pair,0.5921326875686646
woman,wife,0.4950810372829437
sheep,cattle,0.9680298566818237
purse,bag,0.8199608325958252
ceiling,cathedral,0.6078652739524841
bean,coffee,0.8051307201385498
wood,paper,0.6229983568191528
top,side,0.5525199174880981
crime,fraud,0.8682714700698853
pain,harm,0.9129391312599182
lover,companion,0.7076660394668579
evening,dusk,0.8696274161338806
father,daughter,0.7735081911087036
wine,liquor,0.8651374578475952
cow,goat,0.9351456761360168
belief,opinion,0.9725838899612427
reality,illusion,0.8901585340499878
pact,agreement,0.8887026906013489
wealth,poverty,0.9404680728912354
accident,emergency,0.43318334221839905
battle,conquest,0.736037015914917
friend,teacher,0.6596810221672058
illness,infection,0.8823603987693787
game,trick,0.8801157474517822
brother,son,0.905219554901123
aunt,nephew,0.8375365734100342
worker,mechanic,0.9315629601478577
doctor,orthodontist,0.6293359994888306
oak,maple,0.6802950501441956
bee,queen,0.5674815773963928
car,bicycle,0.5016263723373413
goal,quest,0.47375211119651794
august,month,0.6234736442565918
army,squad,0.4935778081417084
cloud,weather,0.589348316192627
physician,doctor,0.7036793231964111
canyon,valley,0.9017430543899536
river,valley,0.8384679555892944
sun,sky,0.8769931793212891
target,arrow,0.9061158299446106
chocolate,pie,0.8681081533432007
circumstance,situation,0.8548921346664429
opinion,choice,0.6674128770828247
rhythm,melody,0.9442826509475708
gut,nerve,0.811127245426178
day,dawn,0.6356678009033203
cattle,beef,0.8046579360961914
doctor,professor,0.8225358724594116
arm,vein,0.6872032284736633
room,bath,0.43346697092056274
corporation,business,0.7418437004089355
fun,football,0.2108578085899353
hill,cliff,0.7546395063400269
bone,ankle,0.8131372332572937
apple,candy,0.8652158975601196
helper,maid,0.8633556365966797
leader,manager,0.6632815003395081
lemon,tea,0.6457886099815369
bee,ant,0.8470042943954468
basketball,baseball,0.9542349576950073
rice,bean,0.7179507613182068
bed,furniture,0.8320534229278564
emotion,passion,0.8851088881492615
anarchy,chaos,0.8857766389846802
crime,violation,0.7863681316375732
machine,engine,0.827886700630188
beach,sea,0.5701289772987366
alley,bowl,0.6611753702163696
jar,bottle,0.8096157312393188
strength,capability,0.936095654964447
seed,mustard,0.5800557136535645
guitar,drum,0.8714605569839478
opinion,idea,0.9651818871498108
north,west,0.9526185989379883
diet,salad,0.7074252367019653
mother,wife,0.8796059489250183
dad,mother,0.6264622211456299
captain,sailor,0.6602311134338379
meter,yard,0.8455204963684082
beer,champagne,0.9024637937545776
motor,boat,0.8493406772613525
card,bridge,0.6042061448097229
science,psychology,0.9545406103134155
sinner,saint,0.3215758800506592
destruction,construction,0.8457619547843933
crowd,bunch,0.8579911589622498
beach,reef,0.6948930025100708
man,child,0.6800738573074341
bread,cheese,0.9554476141929626
champion,winner,0.7784523963928223
celebration,ceremony,0.8473257422447205
menu,order,0.5834351778030396
king,princess,0.7985354065895081
wealth,prestige,0.9062854051589966
endurance,strength,0.5621908903121948
danger,threat,0.8948752880096436
god,priest,0.4076177477836609
men,fraternity,0.2219429910182953
buddy,companion,0.6530508399009705
teacher,helper,0.6628893613815308
body,stomach,0.6784827709197998
tongue,throat,0.7860615253448486
house,carpet,0.24899354577064514
intelligence,skill,0.6710366606712341
journey,conquest,0.7889373302459717
god,prey,0.8048175573348999
brother,soul,0.29412946105003357
adversary,opponent,0.5644862651824951
death,catastrophe,0.534428596496582
monster,demon,0.8492488861083984
day,morning,0.6664919853210449
man,victor,0.5552858114242554
friend,guy,0.887782871723175
song,story,0.8784868717193604
ray,sunshine,0.6954120397567749
guy,stud,0.7704291343688965
chicken,rice,0.6590739488601685
box,elevator,0.7797991037368774
butter,potato,0.8653194904327393
apartment,furniture,0.738480806350708
lake,swamp,0.49920669198036194
salad,vinegar,0.881129801273346
flower,bulb,0.8773366212844849
cloud,mist,0.7728904485702515
driver,pilot,0.6303896307945251
sugar,honey,0.8382697105407715
body,shoulder,0.5412799119949341
idea,image,0.9376210570335388
father,brother,0.8604332804679871
moon,planet,0.8971225619316101
ball,costume,0.5653628706932068
rail,fence,0.7723696231842041
room,bed,0.9157243371009827
flower,bush,0.7804160118103027
bone,knee,0.8359158039093018
arm,knee,0.8370797038078308
bottom,side,0.7733316421508789
vessel,vein,0.7915835380554199
cat,rabbit,0.6459071636199951
meat,sandwich,0.7097803950309753
belief,concept,0.8794571757316589
intelligence,insight,0.729835569858551
attention,interest,0.9067449569702148
attitude,confidence,0.9114241600036621
right,justice,0.25296011567115784
argument,agreement,0.7233846187591553
depth,magnitude,0.8593859672546387
medium,news,0.5718100070953369
winner,candidate,0.36753904819488525
birthday,date,0.7050738334655762
fee,payment,0.7691289782524109
bible,hymn,0.8363342881202698
exit,doorway,0.7701332569122314
man,sentry,0.6262746453285217
aisle,hall,0.6050033569335938
whiskey,gin,0.9082465171813965
blood,marrow,0.8996490240097046
oil,mink,0.6227152347564697
floor,deck,0.7723140716552734
roof,floor,0.760647177696228
door,floor,0.8471535444259644
shoulder,head,0.3798792362213135
wagon,carriage,0.9348876476287842
car,carriage,0.5156847238540649
elbow,ankle,0.9853582978248596
wealth,fame,0.3373492956161499
sorrow,shame,0.9571745991706848
administration,management,0.914432168006897
communication,conversation,0.6911453008651733
pollution,atmosphere,0.8961442708969116
anatomy,biology,0.940173327922821
college,profession,0.5225694179534912
book,topic,0.8396235704421997
formula,equation,0.2535287141799927
book,information,0.6436229348182678
boy,partner,0.6888426542282104
sky,universe,0.8889561891555786
population,people,0.8431707620620728
college,class,0.6583127975463867
chief,mayor,0.7583626508712769
rabbi,minister,0.7033035755157471
meter,inch,0.829024612903595
polyester,cotton,0.692389965057373
lawyer,banker,0.9299824237823486
violin,instrument,0.8226043581962585
camp,cabin,0.5339977145195007
pot,appliance,0.8142188787460327
linen,fabric,0.926886260509491
whiskey,champagne,0.8551804423332214
girl,child,0.7339898347854614
cottage,cabin,0.8900965452194214
bird,hen,0.8457570672035217
racket,noise,0.7821567058563232
sunset,evening,0.7971595525741577
adult,baby,0.7759467363357544
charcoal,coal,0.8912814855575562
body,spine,0.8915927410125732
head,nail,0.38032132387161255
log,timber,0.8017926216125488
spoon,cup,0.6580429673194885
body,nerve,0.8433936238288879
man,husband,0.5573712587356567
bone,neck,0.9220936298370361
frustration,anger,0.9401800632476807
river,sea,0.7652814388275146
task,job,0.6836202144622803
club,society,0.2228386253118515
reflection,image,0.959721565246582
prince,king,0.9129663705825806
snow,weather,0.8040592670440674
people,party,0.7028138637542725
boy,brother,0.6394766569137573
root,grass,0.32905060052871704
brow,eye,0.8286772966384888
money,pearl,0.6107154488563538
money,diamond,0.6174294352531433
vehicle,bus,0.8924176692962646
cab,bus,0.9515564441680908
house,barn,0.6955899000167847
finger,palm,0.3783266842365265
car,bridge,0.3676617443561554
effort,difficulty,0.8660839796066284
fact,insight,0.9022824764251709
job,management,0.7072381973266602
cancer,sickness,0.7328153848648071
word,newspaper,0.6986086368560791
composer,writer,0.9503615498542786
actor,singer,0.9660735726356506
shelter,hut,0.9199471473693848
bathroom,kitchen,0.9234862923622131
cabin,hut,0.871451735496521
door,kitchen,0.9063422083854675
value,belief,0.9052037596702576
wisdom,intelligence,0.7008576393127441
ignorance,intelligence,0.7382206320762634
happiness,luck,0.9152514934539795
idea,scheme,0.9025851488113403
mood,emotion,0.9677858948707581
happiness,peace,0.6686818599700928
despair,misery,0.9593952894210815
logic,arithmetic,0.9238022565841675
denial,confession,0.9171874523162842
argument,criticism,0.9512448310852051
aggression,hostility,0.926120400428772
hysteria,confusion,0.8829900622367859
chemistry,theory,0.8219908475875854
trial,verdict,0.7861758470535278
comfort,safety,0.6246033906936646
confidence,self,0.8369348049163818
vision,perception,0.9761131405830383
era,decade,0.5208348035812378
biography,fiction,0.43849048018455505
discussion,argument,0.9428830146789551
code,symbol,0.940363883972168
danger,disease,0.6040615439414978
accident,catastrophe,0.7284964323043823
journey,trip,0.8581724762916565
activity,movement,0.8714315891265869
gossip,news,0.7785631418228149
father,god,0.478336900472641
action,course,0.5614698529243469
fever,illness,0.858439564704895
aviation,flight,0.7623093128204346
game,action,0.4383389353752136
molecule,air,0.40941116213798523
home,state,0.4143921434879303
word,literature,0.6037256717681885
adult,guardian,0.7785159349441528
newspaper,information,0.7739502191543579
communication,television,0.5295611619949341
cousin,uncle,0.9606109857559204
author,reader,0.7858997583389282
guy,partner,0.6568634510040283
area,corner,0.6011029481887817
ballad,song,0.9249690175056458
wall,decoration,0.5647118091583252
word,page,0.8577130436897278
nurse,scientist,0.8300527334213257
politician,president,0.8008189797401428
president,mayor,0.804665207862854
book,essay,0.9278481006622314
man,warrior,0.8494577407836914
article,journal,0.8019738793373108
breakfast,supper,0.838619589805603
crowd,parade,0.6510351300239563
aisle,hallway,0.7014366388320923
teacher,rabbi,0.7140324711799622
hip,lip,0.7755458354949951
book,article,0.862294614315033
room,cell,0.7832207679748535
box,booth,0.45892417430877686
daughter,kid,0.2621898353099823
limb,leg,0.7430405020713806
liver,lung,0.9664438962936401
classroom,hallway,0.8308655023574829
mountain,ledge,0.6684983372688293
car,elevator,0.5342481136322021
bed,couch,0.7997226715087891
clothes,button,0.9236974120140076
clothes,coat,0.7921642661094666
kidney,organ,0.611234188079834
apple,sauce,0.8847866058349609
chicken,steak,0.9289714097976685
car,hose,0.24630281329154968
tobacco,cigarette,0.8937828540802002
student,professor,0.8595271706581116
baby,daughter,0.536847710609436
pipe,cigar,0.9211225509643555
milk,juice,0.8632715940475464
box,cigar,0.708114504814148
apartment,hotel,0.8468209505081177
cup,cone,0.6087876558303833
horse,ox,0.7563209533691406
throat,nose,0.7384315729141235
bone,teeth,0.9146170616149902
bone,elbow,0.8572468757629395
bacon,bean,0.7241275310516357
cup,jar,0.453107088804245
proof,fact,0.9086215496063232
appointment,engagement,0.7398943901062012
birthday,year,0.5576111078262329
word,clue,0.827445387840271
author,creator,0.8682831525802612
atom,carbon,0.9195805788040161
archbishop,bishop,0.9808443784713745
letter,paragraph,0.7465453147888184
page,paragraph,0.8621821403503418
steeple,chapel,0.6420900821685791
muscle,bone,0.9486390948295593
muscle,tongue,0.7556867599487305
boy,soldier,0.6585750579833984
belly,abdomen,0.8251466751098633
guy,girl,0.8348828554153442
bed,chair,0.366940438747406
clothes,jacket,0.914260983467102
gun,knife,0.7844250798225403
tin,metal,0.9092515707015991
bottle,container,0.8314193487167358
hen,turkey,0.7251911163330078
meat,bread,0.9441558122634888
arm,bone,0.7789905071258545
neck,spine,0.8815471529960632
apple,lemon,0.7815825939178467
agony,grief,0.9214113354682922
assignment,task,0.7474454641342163
night,dawn,0.8292155265808105
dinner,soup,0.9083907604217529
calf,bull,0.6475918889045715
snow,storm,0.6161314845085144
nail,hand,0.8456257581710815
dog,horse,0.7696555852890015
arm,neck,0.8436000347137451
ball,glove,0.9042980074882507
flu,fever,0.8992194533348083
fee,salary,0.9022568464279175
nerve,brain,0.7420519590377808
beast,animal,0.7467470765113831
dinner,chicken,0.8925576210021973
girl,maid,0.8263338804244995
child,boy,0.8150625824928284
alcohol,wine,0.7917637825012207
nose,mouth,0.8586850166320801
street,car,0.32641851902008057
bell,door,0.6214173436164856
box,hat,0.5196152925491333
belief,impression,0.9103779792785645
bias,opinion,0.9513759613037109
attention,awareness,0.9281977415084839
anger,mood,0.948944091796875
elegance,style,0.9329574108123779
beauty,age,0.2066086381673813
book,theme,0.8713458776473999
friend,mother,0.826806902885437
vitamin,iron,0.7953180074691772
car,factory,0.3386839032173157
pact,condition,0.702663004398346
chapter,choice,0.3303123116493225
arithmetic,rhythm,0.6365886926651001
winner,presence,0.33132869005203247
belief,flower,0.8067449331283569
winner,goal,0.6624753475189209
trick,size,0.5918084979057312
choice,vein,0.7193347215652466
hymn,conquest,0.8200252056121826
endurance,band,0.4692901372909546
jail,choice,0.5147171020507812
condition,boy,0.72588050365448
flower,endurance,0.4273358881473541
hole,agreement,0.7064557671546936
doctor,temper,0.4837628901004791
fraternity,door,0.19478081166744232
task,woman,0.6072384119033813
fraternity,baseball,0.5042504072189331
cent,size,0.6243060827255249
presence,door,0.8316630125045776
mouse,management,0.48040854930877686
task,highway,0.818729043006897
liquor,century,0.3993360102176666
task,straw,0.6383794546127319
island,task,0.44854211807250977
night,chapter,0.20720377564430237
pollution,president,0.54695063829422
gun,trick,0.5625655651092529
bath,trick,0.4098663628101349
diet,apple,0.7162962555885315
cent,wife,0.2714742422103882
chapter,tail,0.43299585580825806
course,stomach,0.3748463988304138
hymn,straw,0.8830362558364868
dentist,colonel,0.6699331998825073
wife,straw,0.3875018358230591
hole,wife,0.34081941843032837
pupil,president,0.4890819191932678
bath,wife,0.4833967089653015
people,cent,0.5113565921783447
formula,log,0.6775677800178528
woman,fur,0.7001356482505798
apple,sunshine,0.9126532077789307
gun,dawn,0.6681588888168335
meal,waist,0.8473450541496277
camera,president,0.2638380229473114
liquor,band,0.5303834676742554
stomach,vein,0.698862612247467
gun,fur,0.5639519691467285
couch,baseball,0.5075429081916809
worker,camera,0.6857805252075195
deck,mouse,0.8702260255813599
rice,boy,0.7358433604240417
people,gun,0.7612559795379639
cliff,tail,0.7024285793304443
ankle,window,0.7849341034889221
princess,island,0.39836233854293823
container,mouse,0.8016387224197388
wagon,container,0.9143649935722351
people,balloon,0.8043568730354309
dollar,people,0.7754760980606079
bath,balloon,0.6066116094589233
stomach,bedroom,0.7574861645698547
bicycle,bedroom,0.4607493281364441
log,bath,0.6043142080307007
bowl,tail,0.6695326566696167
go,come,0.9411865472793579
take,steal,0.693013608455658
listen,hear,0.9749467372894287
occur,happen,0.9599402546882629
vanish,disappear,0.9240421056747437
multiply,divide,0.9424093961715698
plead,beg,0.8645772933959961
begin,originate,0.6948314905166626
protect,defend,0.843926191329956
kill,destroy,0.8858461380004883
create,make,0.768500566482544
accept,reject,0.9063887596130371
ignore,avoid,0.8442481756210327
carry,bring,0.8997570276260376
leave,enter,0.8342803716659546
choose,elect,0.5650508403778076
lose,fail,0.7540669441223145
encourage,discourage,0.8690342307090759
achieve,accomplish,0.9278451204299927
make,construct,0.737248957157135
listen,obey,0.9106225967407227
inform,notify,0.859616219997406
receive,give,0.7935012578964233
borrow,beg,0.7743922472000122
take,obtain,0.853911817073822
advise,recommend,0.9045829772949219
imitate,portray,0.9572921991348267
win,succeed,0.3014543354511261
think,decide,0.900407075881958
greet,meet,0.9137550592422485
agree,argue,0.9071469306945801
enjoy,entertain,0.9595580697059631
destroy,make,0.8034716844558716
save,protect,0.7118901014328003
give,lend,0.8613924980163574
understand,know,0.9311777353286743
take,receive,0.8553813695907593
accept,acknowledge,0.9255779385566711
decide,choose,0.9606269598007202
accept,believe,0.843501091003418
keep,possess,0.8610752820968628
succeed,fail,0.7173265814781189
spend,save,0.8694138526916504
leave,go,0.8577545881271362
come,attend,0.45085251331329346
know,believe,0.9791190028190613
gather,meet,0.9529596567153931
make,earn,0.7321062088012695
forget,ignore,0.8661311864852905
multiply,add,0.9220577478408813
shrink,grow,0.6450628042221069
arrive,leave,0.8117929100990295
succeed,try,0.3929803967475891
accept,deny,0.930595338344574
arrive,come,0.8882107734680176
agree,differ,0.9327954649925232
send,receive,0.7763357758522034
win,dominate,0.6297743916511536
add,divide,0.9139622449874878
kill,choke,0.6784725189208984
acquire,get,0.841297447681427
participate,join,0.7474433183670044
leave,remain,0.9235708713531494
go,enter,0.7616071105003357
take,carry,0.8592307567596436
forget,learn,0.7592213749885559
appoint,elect,0.8581364154815674
engage,marry,0.6558521389961243
ask,pray,0.978184700012207
go,send,0.8862845301628113
take,deliver,0.8522656559944153
speak,hear,0.9331890344619751
analyze,evaluate,0.9695031642913818
lose,keep,0.8504897952079773
compare,analyze,0.9162776470184326
go,allow,0.8472667336463928
take,possess,0.7938774824142456
learn,listen,0.8607574701309204
destroy,construct,0.945381224155426
create,build,0.9584193229675293
steal,buy,0.803943395614624
kill,hang,0.9167519807815552
forget,know,0.9772770404815674
create,imagine,0.9120515584945679
do,happen,0.9506082534790039
win,accomplish,0.567873477935791
give,deny,0.9068601727485657
deserve,earn,0.5580850839614868
get,put,0.9616714119911194
locate,find,0.9192571640014648
appear,attend,0.46400579810142517
pretend,imagine,0.947634756565094
satisfy,please,0.8899773359298706
cherish,keep,0.8188990950584412
argue,differ,0.9529113173484802
overcome,dominate,0.8613086938858032
behave,obey,0.9257450699806213
cooperate,participate,0.7626118063926697
achieve,try,0.9111930131912231
fail,discourage,0.9506874084472656
begin,quit,0.8891956806182861
say,participate,0.5988065004348755
come,bring,0.9441856741905212
declare,announce,0.9487495422363281
take,leave,0.9324086904525757
proclaim,announce,0.8341048955917358
acquire,obtain,0.902636706829071
conclude,decide,0.9439153671264648
please,plead,0.7900286912918091
argue,prove,0.9138782620429993
ask,plead,0.8612414598464966
find,disappear,0.8728088140487671
inspect,examine,0.9121630191802979
verify,justify,0.9545964002609253
assume,predict,0.7661173939704895
learn,evaluate,0.8929041624069214
argue,justify,0.9647132158279419
make,become,0.5859196186065674
discover,originate,0.7596345543861389
achieve,succeed,0.5053189992904663
give,put,0.9569369554519653
understand,listen,0.9533544182777405
expand,grow,0.9240735769271851
borrow,sell,0.9206041097640991
keep,protect,0.8793138265609741
explain,prove,0.9185628890991211
assume,pretend,0.7100492119789124
agree,please,0.8846337795257568
forgive,forget,0.9298419952392578
clarify,explain,0.9672897458076477
understand,forgive,0.9652818441390991
remind,forget,0.9474447965621948
get,remain,0.8733436465263367
realize,discover,0.9690528512001038
require,inquire,0.8491294384002686
ignore,ask,0.9244223237037659
think,inquire,0.6536548137664795
reject,avoid,0.8364996910095215
argue,persuade,0.9241759777069092
pursue,persuade,0.6196974515914917
accept,forgive,0.8318319320678711
do,quit,0.7802966833114624
investigate,examine,0.9419476389884949
discuss,explain,0.9171978235244751
owe,lend,0.9397660493850708
explore,discover,0.9647973775863647
complain,argue,0.9636083245277405
withdraw,reject,0.7012782096862793
keep,borrow,0.9089623689651489
beg,ask,0.766733705997467
arrange,organize,0.8694778084754944
reduce,shrink,0.6008117198944092
speak,acknowledge,0.9525530338287354
give,borrow,0.9102957844734192
kill,defend,0.734505832195282
disappear,shrink,0.8333415389060974
deliver,carry,0.8586217164993286
breathe,choke,0.6644439101219177
acknowledge,notify,0.845797061920166
become,seem,0.6607809662818909
pretend,seem,0.9374204874038696
accomplish,become,0.7671853303909302
contemplate,think,0.8079418540000916
determine,predict,0.869512677192688
please,entertain,0.9006808996200562
remain,retain,0.86568284034729
pretend,portray,0.8769811987876892
forget,retain,0.643913745880127
want,choose,0.9049218893051147
lose,get,0.8804683089256287
try,think,0.6422857642173767
become,appear,0.6183401942253113
leave,ignore,0.7527642250061035
accept,recommend,0.8990514278411865
leave,wander,0.6812459230422974
keep,give,0.981712281703949
give,allow,0.9338969588279724
bring,send,0.9652725458145142
absorb,learn,0.9219779968261719
acquire,find,0.889680802822113
leave,appear,0.6757725477218628
create,destroy,0.9356478452682495
begin,go,0.768261194229126
get,buy,0.945265531539917
collect,save,0.8535996675491333
replace,restore,0.6461696028709412
join,add,0.5687185525894165
join,marry,0.3840728998184204
accept,deliver,0.8991738557815552
attach,join,0.5040653347969055
put,hang,0.8985684514045715
go,sell,0.8809620141983032
communicate,pray,0.9421604871749878
give,steal,0.7833809852600098
add,build,0.8805487155914307
bring,restore,0.8743245601654053
portray,decide,0.8507288694381714
organize,become,0.7769953608512878
give,know,0.8965376615524292
say,verify,0.8257341384887695
cooperate,join,0.5930465459823608
arrange,require,0.9156637787818909
borrow,want,0.8886034488677979
investigate,pursue,0.6673848032951355
ignore,explore,0.8629623651504517
bring,complain,0.9102880954742432
enter,owe,0.7616370916366577
portray,notify,0.7835878133773804
remind,sell,0.8927286267280579
absorb,possess,0.9785007238388062
join,acquire,0.6937211751937866
send,attend,0.5665035843849182
gather,attend,0.6810089349746704
absorb,withdraw,0.7194643020629883
attend,arrive,0.6585623621940613
math,male,0.5801817178726196
math,man,0.37842121720314026
math,boy,0.6783499121665955
math,brother,0.40860408544540405
math,he,0.5242072939872742
math,him,0.5147907733917236
math,his,0.5339697599411011
math,son,0.2973339557647705
math,female,0.5929956436157227
math,woman,0.6918086409568787
math,girl,0.538970947265625
math,sister,0.50078284740448
math,she,0.6130923628807068
math,her,0.6081189513206482
math,hers,0.8055261969566345
math,daughter,0.3759288787841797
algebra,male,0.6221390962600708
algebra,man,0.46475064754486084
algebra,boy,0.6996803283691406
algebra,brother,0.3519737124443054
algebra,he,0.4292479157447815
algebra,him,0.5096021890640259
algebra,his,0.47798725962638855
algebra,son,0.24657294154167175
algebra,female,0.6606255769729614
algebra,woman,0.7211353778839111
algebra,girl,0.614953875541687
algebra,sister,0.46601152420043945
algebra,she,0.536311686038971
algebra,her,0.5676617622375488
algebra,hers,0.8489813804626465
algebra,daughter,0.3404560685157776
geometry,male,0.5096980929374695
geometry,man,0.31201258301734924
geometry,boy,0.5337027311325073
geometry,brother,0.2210475504398346
geometry,he,0.3916282057762146
geometry,him,0.4479203224182129
geometry,his,0.398273229598999
geometry,son,0.13705793023109436
geometry,female,0.5746029019355774
geometry,woman,0.6141910552978516
geometry,girl,0.4612208902835846
geometry,sister,0.32663360238075256
geometry,she,0.5079399943351746
geometry,her,0.5128624439239502
geometry,hers,0.7160351872444153
geometry,daughter,0.23892420530319214
calculus,male,0.5940228700637817
calculus,man,0.5291527509689331
calculus,boy,0.6950851678848267
calculus,brother,0.29290881752967834
calculus,he,0.41776007413864136
calculus,him,0.5978493690490723
calculus,his,0.46230167150497437
calculus,son,0.20424088835716248
calculus,female,0.638326108455658
calculus,woman,0.717653214931488
calculus,girl,0.628261148929596
calculus,sister,0.38829559087753296
calculus,she,0.49677446484565735
calculus,her,0.5510388016700745
calculus,hers,0.8585445880889893
calculus,daughter,0.2776523232460022
equations,male,0.5991469621658325
equations,man,0.568656325340271
equations,boy,0.6865547895431519
equations,brother,0.2725887596607208
equations,he,0.30338624119758606
equations,him,0.5681399703025818
equations,his,0.40286126732826233
equations,son,0.1971416473388672
equations,female,0.639809250831604
equations,woman,0.6908938884735107
equations,girl,0.631625771522522
equations,sister,0.37998053431510925
equations,she,0.41388222575187683
equations,her,0.5153554081916809
equations,hers,0.8391137719154358
equations,daughter,0.26226887106895447
computation,male,0.6123301386833191
computation,man,0.42276060581207275
computation,boy,0.698664128780365
computation,brother,0.4039071798324585
computation,he,0.419222891330719
computation,him,0.49422675371170044
computation,his,0.45792415738105774
computation,son,0.29725340008735657
computation,female,0.6375145316123962
computation,woman,0.7057607769966125
computation,girl,0.5928158760070801
computation,sister,0.5067470073699951
computation,she,0.5526377558708191
computation,her,0.5665032267570496
computation,hers,0.8342801332473755
computation,daughter,0.38302046060562134
numbers,male,0.6293759942054749
numbers,man,0.7257113456726074
numbers,boy,0.6786532998085022
numbers,brother,0.21280866861343384
numbers,he,0.37129026651382446
numbers,him,0.625601053237915
numbers,his,0.46426814794540405
numbers,son,0.06417146325111389
numbers,female,0.6186985373497009
numbers,woman,0.5928080081939697
numbers,girl,0.6855947375297546
numbers,sister,0.2938497066497803
numbers,she,0.3872840702533722
numbers,her,0.4881795644760132
numbers,hers,0.7844250798225403
numbers,daughter,0.10292807221412659
addition,male,0.7535703182220459
addition,man,0.5466507077217102
addition,boy,0.6859930157661438
addition,brother,0.29795122146606445
addition,he,0.5300276279449463
addition,him,0.4309203028678894
addition,his,0.5781744122505188
addition,son,0.15498098731040955
addition,female,0.7861838936805725
addition,woman,0.7449400424957275
addition,girl,0.6383727788925171
addition,sister,0.3837733268737793
addition,she,0.6141241788864136
addition,her,0.6135314702987671
addition,hers,0.8123030662536621
addition,daughter,0.23719896376132965
poetry,male,0.7120379209518433
poetry,man,0.6024641990661621
poetry,boy,0.7689804434776306
poetry,brother,0.32681241631507874
poetry,he,0.38044220209121704
poetry,him,0.39088720083236694
poetry,his,0.5095220804214478
poetry,son,0.20958763360977173
poetry,female,0.7062166333198547
poetry,woman,0.7302839756011963
poetry,girl,0.7937823534011841
poetry,sister,0.5016463398933411
poetry,she,0.5587106347084045
poetry,her,0.6171959638595581
poetry,hers,0.8536887168884277
poetry,daughter,0.3352603316307068
art,male,0.45629534125328064
art,man,0.24651730060577393
art,boy,0.5281393527984619
art,brother,0.13782313466072083
art,he,0.2775113582611084
art,him,0.19642752408981323
art,his,0.3144553005695343
art,son,0.10625118017196655
art,female,0.5104163885116577
art,woman,0.4621261954307556
art,girl,0.47457921504974365
art,sister,0.29170361161231995
art,she,0.41829103231430054
art,her,0.41885513067245483
art,hers,0.6097473502159119
art,daughter,0.19547401368618011
dance,male,0.7117197513580322
dance,man,0.562281608581543
dance,boy,0.7178407311439514
dance,brother,0.14602673053741455
dance,he,0.36083197593688965
dance,him,0.35603755712509155
dance,his,0.341383159160614
dance,son,-0.0004576966166496277
dance,female,0.7310677766799927
dance,woman,0.6291564106941223
dance,girl,0.7406492829322815
dance,sister,0.29046207666397095
dance,she,0.5693091750144958
dance,her,0.5324077606201172
dance,hers,0.7090983390808105
dance,daughter,0.10213977098464966
literature,male,0.6384879350662231
literature,man,0.3656837046146393
literature,boy,0.5828002691268921
literature,brother,0.29716765880584717
literature,he,0.4482918381690979
literature,him,0.32065051794052124
literature,his,0.46286582946777344
literature,son,0.22595223784446716
literature,female,0.6711380481719971
literature,woman,0.6661777496337891
literature,girl,0.5099315643310547
literature,sister,0.3875230550765991
literature,she,0.5440173149108887
literature,her,0.515446662902832
literature,hers,0.6998200416564941
literature,daughter,0.3171556890010834
novel,male,0.6663936376571655
novel,man,0.6872880458831787
novel,boy,0.7740424275398254
novel,brother,0.45220452547073364
novel,he,0.1954200267791748
novel,him,0.373371958732605
novel,his,0.49167966842651367
novel,son,0.39484021067619324
novel,female,0.6129371523857117
novel,woman,0.6960129737854004
novel,girl,0.8666306138038635
novel,sister,0.5992587208747864
novel,she,0.4260702133178711
novel,her,0.6098144054412842
novel,hers,0.7982954978942871
novel,daughter,0.4882819652557373
symphony,male,0.33774620294570923
symphony,man,0.15260401368141174
symphony,boy,0.40155288577079773
symphony,brother,0.10613938421010971
symphony,he,0.22628289461135864
symphony,him,-0.026734940707683563
symphony,his,0.04037755727767944
symphony,son,0.10355658829212189
symphony,female,0.4161146283149719
symphony,woman,0.24443797767162323
symphony,girl,0.39855384826660156
symphony,sister,0.17647674679756165
symphony,she,0.28326499462127686
symphony,her,0.11879213154315948
symphony,hers,0.3902830481529236
symphony,daughter,0.1599942147731781
drama,male,0.6596208810806274
drama,man,0.49582162499427795
drama,boy,0.6654554605484009
drama,brother,0.19678062200546265
drama,he,0.2881681025028229
drama,him,0.14658424258232117
drama,his,0.25384360551834106
drama,son,0.08716576546430588
drama,female,0.6667851209640503
drama,woman,0.5464327335357666
drama,girl,0.7488715648651123
drama,sister,0.3425215184688568
drama,she,0.49420952796936035
drama,her,0.41117823123931885
drama,hers,0.669078528881073
drama,daughter,0.20022715628147125
sculpture,male,0.6303739547729492
sculpture,man,0.4232308864593506
sculpture,boy,0.7321756482124329
sculpture,brother,0.37299373745918274
sculpture,he,0.3994590640068054
sculpture,him,0.35470595955848694
sculpture,his,0.4108116626739502
sculpture,son,0.2786635458469391
sculpture,female,0.6408347487449646
sculpture,woman,0.6855929493904114
sculpture,girl,0.6516824960708618
sculpture,sister,0.515194296836853
sculpture,she,0.5888838171958923
sculpture,her,0.5589239597320557
sculpture,hers,0.7953687310218811
sculpture,daughter,0.3774968385696411
science,male,0.4475150406360626
science,man,0.17829488217830658
science,boy,0.36133241653442383
science,brother,0.12120333313941956
science,he,0.4122098684310913
science,him,0.2925723195075989
science,his,0.40053629875183105
science,son,0.06877327710390091
science,female,0.5143789052963257
science,woman,0.47115376591682434
science,girl,0.32609790563583374
science,sister,0.20767998695373535
science,she,0.4936615228652954
science,her,0.4551187753677368
science,hers,0.5748090147972107
science,daughter,0.16411367058753967
technology,male,0.380593866109848
technology,man,0.12696591019630432
technology,boy,0.3220367431640625
technology,brother,0.049053020775318146
technology,he,0.3957388401031494
technology,him,0.2798335552215576
technology,his,0.29723474383354187
technology,son,0.032073646783828735
technology,female,0.48654705286026
technology,woman,0.43408527970314026
technology,girl,0.2573480010032654
technology,sister,0.11729831248521805
technology,she,0.4447025656700134
technology,her,0.35955286026000977
technology,hers,0.542002260684967
technology,daughter,0.10602651536464691
physics,male,0.3393528163433075
physics,man,0.08547067642211914
physics,boy,0.32911163568496704
physics,brother,0.19646327197551727
physics,he,0.468441903591156
physics,him,0.3104744255542755
physics,his,0.3548550307750702
physics,son,0.14915341138839722
physics,female,0.4098058044910431
physics,woman,0.4172359108924866
physics,girl,0.24592292308807373
physics,sister,0.2629333734512329
physics,she,0.49111267924308777
physics,her,0.3966033458709717
physics,hers,0.5378499031066895
physics,daughter,0.24156969785690308
chemistry,male,0.4004194438457489
chemistry,man,0.14412909746170044
chemistry,boy,0.4213472008705139
chemistry,brother,0.25806933641433716
chemistry,he,0.4927975535392761
chemistry,him,0.3565685749053955
chemistry,his,0.4322032332420349
chemistry,son,0.19887606799602509
chemistry,female,0.4544225335121155
chemistry,woman,0.496184766292572
chemistry,girl,0.3256811499595642
chemistry,sister,0.3376796841621399
chemistry,she,0.5471434593200684
chemistry,her,0.4864600896835327
chemistry,hers,0.6132985949516296
chemistry,daughter,0.29204708337783813
einstein,male,0.507330060005188
einstein,man,0.4259569048881531
einstein,boy,0.740554928779602
einstein,brother,0.6577550172805786
einstein,he,0.4313617944717407
einstein,him,0.4811212718486786
einstein,his,0.4915666878223419
einstein,son,0.6289788484573364
einstein,female,0.4787578582763672
einstein,woman,0.6661765575408936
einstein,girl,0.6222076416015625
einstein,sister,0.747542142868042
einstein,she,0.5181836485862732
einstein,her,0.5537046194076538
einstein,hers,0.8358744382858276
einstein,daughter,0.7005712389945984
nasa,male,0.5322675704956055
nasa,man,0.3255045413970947
nasa,boy,0.44935327768325806
nasa,brother,0.16036716103553772
nasa,he,0.5185644030570984
nasa,him,0.4025534391403198
nasa,his,0.3416594862937927
nasa,son,0.11923035234212875
nasa,female,0.624038577079773
nasa,woman,0.5974553227424622
nasa,girl,0.38365113735198975
nasa,sister,0.17112486064434052
nasa,she,0.534308135509491
nasa,her,0.3890498876571655
nasa,hers,0.6458653211593628
nasa,daughter,0.17249664664268494
experiment,male,0.685302734375
experiment,man,0.6275933980941772
experiment,boy,0.7857266664505005
experiment,brother,0.316485196352005
experiment,he,0.4447024464607239
experiment,him,0.6094837188720703
experiment,his,0.5199234485626221
experiment,son,0.19360020756721497
experiment,female,0.703015923500061
experiment,woman,0.7805362939834595
experiment,girl,0.745558500289917
experiment,sister,0.4360239803791046
experiment,she,0.580937922000885
experiment,her,0.6376695036888123
experiment,hers,0.9174507856369019
experiment,daughter,0.27584108710289
astronomy,male,0.4857047200202942
astronomy,man,0.24339713156223297
astronomy,boy,0.5234498977661133
astronomy,brother,0.27361729741096497
astronomy,he,0.4981689453125
astronomy,him,0.40029555559158325
astronomy,his,0.4291081130504608
astronomy,son,0.19830083847045898
astronomy,female,0.5476845502853394
astronomy,woman,0.5968589782714844
astronomy,girl,0.4131144881248474
astronomy,sister,0.35794246196746826
astronomy,she,0.5678712725639343
astronomy,her,0.5032738447189331
astronomy,hers,0.6965007781982422
astronomy,daughter,0.2886987030506134
executive,male,0.512700080871582
executive,man,0.3171910047531128
executive,boy,0.3724891245365143
executive,brother,0.21340647339820862
executive,he,0.369742751121521
executive,him,0.24667192995548248
executive,his,0.1643001139163971
executive,son,0.20091025531291962
executive,female,0.6387588977813721
executive,woman,0.5391318202018738
executive,girl,0.3318886160850525
executive,sister,0.14801307022571564
executive,she,0.35020074248313904
executive,her,0.18135039508342743
executive,hers,0.5109220743179321
executive,daughter,0.2213383913040161
management,male,0.461791455745697
management,man,0.2138950526714325
management,boy,0.39425885677337646
management,brother,0.10001181066036224
management,he,0.4838498532772064
management,him,0.45958396792411804
management,his,0.42077428102493286
management,son,0.006847120821475983
management,female,0.5570191740989685
management,woman,0.5047674179077148
management,girl,0.28158289194107056
management,sister,0.12189850211143494
management,she,0.4792719781398773
management,her,0.4317415952682495
management,hers,0.6017501354217529
management,daughter,0.05242455005645752
professional,male,0.6571844220161438
professional,man,0.3110986053943634
professional,boy,0.41355687379837036
professional,brother,0.3650982081890106
professional,he,0.45940226316452026
professional,him,0.31095409393310547
professional,his,0.5531531572341919
professional,son,0.21985545754432678
professional,female,0.6352307796478271
professional,woman,0.40640366077423096
professional,girl,0.3205312490463257
professional,sister,0.26620742678642273
professional,she,0.3123459219932556
professional,her,0.3562847375869751
professional,hers,0.41005033254623413
professional,daughter,0.1988883912563324
corporation,male,0.4824192523956299
corporation,man,0.24655114114284515
corporation,boy,0.37168359756469727
corporation,brother,0.11092720180749893
corporation,he,0.3493053913116455
corporation,him,0.2256770133972168
corporation,his,0.16827479004859924
corporation,son,0.1171504408121109
corporation,female,0.6135416030883789
corporation,woman,0.491994708776474
corporation,girl,0.31047093868255615
corporation,sister,0.08872745931148529
corporation,she,0.360726535320282
corporation,her,0.20991238951683044
corporation,hers,0.5268019437789917
corporation,daughter,0.14009496569633484
salary,male,0.3892015814781189
salary,man,0.5921822786331177
salary,boy,0.4562196433544159
salary,brother,0.16002029180526733
salary,he,0.4370611906051636
salary,him,0.6463545560836792
salary,his,0.4681566059589386
salary,son,0.09939050674438477
salary,female,0.38253968954086304
salary,woman,0.41798460483551025
salary,girl,0.4897956848144531
salary,sister,0.20115868747234344
salary,she,0.36423376202583313
salary,her,0.4248959422111511
salary,hers,0.6326804161071777
salary,daughter,0.11971783638000488
office,male,0.22689497470855713
office,man,0.29937079548835754
office,boy,0.3131803870201111
office,brother,0.15998056530952454
office,he,0.5217459797859192
office,him,0.49678122997283936
office,his,0.33703672885894775
office,son,0.17086774110794067
office,female,0.29347553849220276
office,woman,0.434143602848053
office,girl,0.260250985622406
office,sister,0.12465754896402359
office,she,0.4093012809753418
office,her,0.2923274338245392
office,hers,0.5308172106742859
office,daughter,0.176920548081398
business,male,0.49077680706977844
business,man,0.28623726963996887
business,boy,0.5694395899772644
business,brother,0.29143208265304565
business,he,0.4981471002101898
business,him,0.5279344320297241
business,his,0.5636845827102661
business,son,0.1692231297492981
business,female,0.5222171545028687
business,woman,0.5899083018302917
business,girl,0.42748188972473145
business,sister,0.34939584136009216
business,she,0.5396713018417358
business,her,0.5743377208709717
business,hers,0.7476933002471924
business,daughter,0.2142835408449173
career,male,0.3675229847431183
career,man,0.07466733455657959
career,boy,0.25395631790161133
career,brother,0.31340837478637695
career,he,0.36094728112220764
career,him,0.11050281673669815
career,his,0.45152026414871216
career,son,0.21882200241088867
career,female,0.32117170095443726
career,woman,0.21247602999210358
career,girl,0.2099604606628418
career,sister,0.3131897449493408
career,she,0.31663766503334045
career,her,0.3315010666847229
career,hers,0.3421049118041992
career,daughter,0.23739373683929443
home,male,0.09650454670190811
home,man,0.27910080552101135
home,boy,0.3604115843772888
home,brother,0.27594730257987976
home,he,0.33426010608673096
home,him,0.39380115270614624
home,his,0.4849504232406616
home,son,0.2836768329143524
home,female,0.026354122906923294
home,woman,0.16359630227088928
home,girl,0.29091042280197144
home,sister,0.34191304445266724
home,she,0.2653614282608032
home,her,0.40505969524383545
home,hers,0.4285009503364563
home,daughter,0.2623916268348694
parents,male,0.41414982080459595
parents,man,0.4321826994419098
parents,boy,0.690209150314331
parents,brother,0.7251737117767334
parents,he,0.3399388790130615
parents,him,0.3821249008178711
parents,his,0.5138578414916992
parents,son,0.7221985459327698
parents,female,0.2995903491973877
parents,woman,0.5403755903244019
parents,girl,0.5385445356369019
parents,sister,0.8044395446777344
parents,she,0.4135743975639343
parents,her,0.5252343416213989
parents,hers,0.6842657327651978
parents,daughter,0.7308745384216309
children,male,0.5037152767181396
children,man,0.5690955519676208
children,boy,0.6468961238861084
children,brother,0.638108491897583
children,he,0.330538272857666
children,him,0.2818301022052765
children,his,0.398014634847641
children,son,0.618226170539856
children,female,0.4229470193386078
children,woman,0.6010433435440063
children,girl,0.6313924789428711
children,sister,0.7994215488433838
children,she,0.5066443681716919
children,her,0.5060553550720215
children,hers,0.6843178868293762
children,daughter,0.7319632768630981
family,male,0.36812520027160645
family,man,0.3957606554031372
family,boy,0.6194018125534058
family,brother,0.5703816413879395
family,he,0.31807005405426025
family,him,0.38731417059898376
family,his,0.476957768201828
family,son,0.5943785905838013
family,female,0.2925434112548828
family,woman,0.5240457057952881
family,girl,0.45563453435897827
family,sister,0.6527625322341919
family,she,0.38271796703338623
family,her,0.49902504682540894
family,hers,0.6415170431137085
family,daughter,0.5913188457489014
cousins,male,0.6628381013870239
cousins,man,0.6939477920532227
cousins,boy,0.8584235310554504
cousins,brother,0.8825492858886719
cousins,he,0.42831894755363464
cousins,him,0.5329244136810303
cousins,his,0.6224882006645203
cousins,son,0.7919893860816956
cousins,female,0.5428285598754883
cousins,woman,0.7065626978874207
cousins,girl,0.7621522545814514
cousins,sister,0.9227209091186523
cousins,she,0.46681052446365356
cousins,her,0.5917007923126221
cousins,hers,0.825420618057251
cousins,daughter,0.8205695152282715
marriage,male,0.4160224199295044
marriage,man,0.6242659091949463
marriage,boy,0.6762173771858215
marriage,brother,0.7303735017776489
marriage,he,0.3580125570297241
marriage,him,0.5211074352264404
marriage,his,0.6124560236930847
marriage,son,0.7477810382843018
marriage,female,0.2964044213294983
marriage,woman,0.669302761554718
marriage,girl,0.6603579521179199
marriage,sister,0.8438500165939331
marriage,she,0.4937005043029785
marriage,her,0.6631195545196533
marriage,hers,0.7515374422073364
marriage,daughter,0.8168097734451294
wedding,male,0.5806959867477417
wedding,man,0.7286214232444763
wedding,boy,0.8666525483131409
wedding,brother,0.682861328125
wedding,he,0.41901257634162903
wedding,him,0.5203800797462463
wedding,his,0.4942901134490967
wedding,son,0.6326403617858887
wedding,female,0.46604257822036743
wedding,woman,0.7333160042762756
wedding,girl,0.8863934278488159
wedding,sister,0.8040543794631958
wedding,she,0.608725905418396
wedding,her,0.6316812634468079
wedding,hers,0.858225405216217
wedding,daughter,0.714301347732544
relatives,male,0.5338289737701416
relatives,man,0.6203338503837585
relatives,boy,0.8431813716888428
relatives,brother,0.6944553852081299
relatives,he,0.42147040367126465
relatives,him,0.6162062883377075
relatives,his,0.5840585827827454
relatives,son,0.626101016998291
relatives,female,0.4534263014793396
relatives,woman,0.7198085188865662
relatives,girl,0.6996145248413086
relatives,sister,0.7941717505455017
relatives,she,0.4978930652141571
relatives,her,0.6297639012336731
relatives,hers,0.8984414935112
relatives,daughter,0.6616529822349548
